-- =====================================
-- data.sql  (resources/data.sql)
-- =====================================
-- 社員マスタ（shain_m）
INSERT INTO shain_m (shain_id, shain_name) VALUES
  (1, '田中太郎'),
  (2, '佐藤次郎'),
  (3, '鈴木一郎');

-- 勤怠データ（kintai_data）
INSERT INTO kintai_data (shain_id, arrival_date_time, finish_date_time) VALUES
  (1, '2025-06-20 09:00:00', '2025-06-20 18:00:00'),
  (2, '2025-06-20 08:45:00', '2025-06-20 17:30:00'),
  (3, '2025-06-20 10:00:00', '2025-06-20 19:00:00');

-- 支店マスタ (shiten_m)
INSERT INTO shiten_m (shiten_id, shiten_name) VALUES
(0,'全社'),
(1,'本社'),
(2,'市川'),
(3,'浦安'),
(4,'船橋');

-- 材料マスタ(zairyou_m)
INSERT INTO zairyou_m (zairyou_id, zairyou_name) VALUES
(1, '麺5kg'),
(2,'スープの素10ℓ'),
(3,'焼豚10kg'),
(4,'メンマ3kg'),
(5,'味卵10ケース'),
(6,'きくらげ5kg'),
(7,'刻みネギ5kg'),
(8,'箸100膳'),
(9,'器1皿'),
(10,'レンゲ10本');

-- 売上データ（uriage_data）
INSERT INTO uriage_data (uriage_id, uriage_ymd, uriage_shiten_id, uriage_gaku) VALUES
(1, '2025-05-01', 4, 352248),
(2, '2025-05-01', 2, 213575),
(3, '2025-05-01', 3, 234864),
(4, '2025-05-02', 4, 381651),
(5, '2025-05-02', 2, 202506),
(6, '2025-05-02', 3, 248863),
(7, '2025-05-03', 4, 202319),
(8, '2025-05-03', 2, 317140),
(9, '2025-05-03', 3, 203617),
(10, '2025-05-04', 4, 368686),
(11, '2025-05-04', 2, 383222),
(12, '2025-05-04', 3, 236614),
(13, '2025-05-05', 4, 269444),
(14, '2025-05-05', 2, 247083),
(15, '2025-05-05', 3, 227105),
(16, '2025-05-06', 4, 395836),
(17, '2025-05-06', 2, 364921),
(18, '2025-05-06', 3, 237401),
(19, '2025-05-07', 4, 352934),
(20, '2025-05-07', 2, 334207),
(21, '2025-05-07', 3, 367663),
(22, '2025-05-08', 4, 245949),
(23, '2025-05-08', 2, 200183),
(24, '2025-05-08', 3, 305208),
(25, '2025-05-09', 4, 300376),
(26, '2025-05-09', 2, 304592),
(27, '2025-05-09', 3, 321492),
(28, '2025-05-10', 4, 342944),
(29, '2025-05-10', 2, 311469),
(30, '2025-05-10', 3, 255588),
(31, '2025-05-11', 4, 303321),
(32, '2025-05-11', 2, 268173),
(33, '2025-05-11', 3, 250467),
(34, '2025-05-12', 4, 361451),
(35, '2025-05-12', 2, 319550),
(36, '2025-05-12', 3, 369345),
(37, '2025-05-13', 4, 382172),
(38, '2025-05-13', 2, 337423),
(39, '2025-05-13', 3, 257984),
(40, '2025-05-14', 4, 384200),
(41, '2025-05-14', 2, 366989),
(42, '2025-05-14', 3, 267562),
(43, '2025-05-15', 4, 210675),
(44, '2025-05-15', 2, 281926),
(45, '2025-05-15', 3, 302966),
(46, '2025-05-16', 4, 307334),
(47, '2025-05-16', 2, 305262),
(48, '2025-05-16', 3, 258594),
(49, '2025-05-17', 4, 274155),
(50, '2025-05-17', 2, 287579),
(51, '2025-05-17', 3, 325086),
(52, '2025-05-18', 4, 224724),
(53, '2025-05-18', 2, 205511),
(54, '2025-05-18', 3, 394289),
(55, '2025-05-19', 4, 245723),
(56, '2025-05-19', 2, 259253),
(57, '2025-05-19', 3, 352943),
(58, '2025-05-20', 4, 350107),
(59, '2025-05-20', 2, 285438),
(60, '2025-05-20', 3, 395698),
(61, '2025-05-21', 4, 354780),
(62, '2025-05-21', 2, 394388),
(63, '2025-05-21', 3, 219651),
(64, '2025-05-22', 4, 250502),
(65, '2025-05-22', 2, 213183),
(66, '2025-05-22', 3, 215479),
(67, '2025-05-23', 4, 237412),
(68, '2025-05-23', 2, 367622),
(69, '2025-05-23', 3, 207513),
(70, '2025-05-24', 4, 268620),
(71, '2025-05-24', 2, 232867),
(72, '2025-05-24', 3, 208803),
(73, '2025-05-25', 4, 308003),
(74, '2025-05-25', 2, 385053),
(75, '2025-05-25', 3, 354283),
(76, '2025-05-26', 4, 222878),
(77, '2025-05-26', 2, 363852),
(78, '2025-05-26', 3, 259637),
(79, '2025-05-27', 4, 355966),
(80, '2025-05-27', 2, 278428),
(81, '2025-05-27', 3, 395097),
(82, '2025-05-28', 4, 285486),
(83, '2025-05-28', 2, 297268),
(84, '2025-05-28', 3, 264885),
(85, '2025-05-29', 4, 250399),
(86, '2025-05-29', 2, 376885),
(87, '2025-05-29', 3, 309931),
(88, '2025-05-30', 4, 300707),
(89, '2025-05-30', 2, 277020),
(90, '2025-05-30', 3, 279657),
(91, '2025-05-31', 4, 200213),
(92, '2025-05-31', 2, 311097),
(93, '2025-05-31', 3, 367837),
(94, '2025-06-01', 4, 333395),
(95, '2025-06-01', 2, 242459),
(96, '2025-06-01', 3, 287012),
(97, '2025-06-02', 4, 316736),
(98, '2025-06-02', 2, 221891),
(99, '2025-06-02', 3, 337107),
(100, '2025-06-03', 4, 351111),
(101, '2025-06-03', 2, 304079),
(102, '2025-06-03', 3, 237901),
(103, '2025-06-04', 4, 326283),
(104, '2025-06-04', 2, 305603),
(105, '2025-06-04', 3, 351726),
(106, '2025-06-05', 4, 397243),
(107, '2025-06-05', 2, 370148),
(108, '2025-06-05', 3, 339839),
(109, '2025-06-06', 4, 246136),
(110, '2025-06-06', 2, 218197),
(111, '2025-06-06', 3, 343888),
(112, '2025-06-07', 4, 231149),
(113, '2025-06-07', 2, 387578),
(114, '2025-06-07', 3, 251538),
(115, '2025-06-08', 4, 359315),
(116, '2025-06-08', 2, 280955),
(117, '2025-06-08', 3, 291318),
(118, '2025-06-09', 4, 379326),
(119, '2025-06-09', 2, 238439),
(120, '2025-06-09', 3, 299934),
(121, '2025-06-10', 4, 234325),
(122, '2025-06-10', 2, 263274),
(123, '2025-06-10', 3, 315572),
(124, '2025-06-11', 4, 202109),
(125, '2025-06-11', 2, 200323),
(126, '2025-06-11', 3, 277417),
(127, '2025-06-12', 4, 280822),
(128, '2025-06-12', 2, 348562),
(129, '2025-06-12', 3, 227157),
(130, '2025-06-13', 4, 271928),
(131, '2025-06-13', 2, 298964),
(132, '2025-06-13', 3, 303524),
(133, '2025-06-14', 4, 382527),
(134, '2025-06-14', 2, 261847),
(135, '2025-06-14', 3, 213577),
(136, '2025-06-15', 4, 273516),
(137, '2025-06-15', 2, 364569),
(138, '2025-06-15', 3, 359270),
(139, '2025-06-16', 4, 334697),
(140, '2025-06-16', 2, 262841),
(141, '2025-06-16', 3, 257468),
(142, '2025-06-17', 4, 383102),
(143, '2025-06-17', 2, 357573),
(144, '2025-06-17', 3, 337991),
(145, '2025-06-18', 4, 285038),
(146, '2025-06-18', 2, 376616),
(147, '2025-06-18', 3, 269477),
(148, '2025-06-19', 4, 304421),
(149, '2025-06-19', 2, 332266),
(150, '2025-06-19', 3, 227204),
(151, '2025-06-20', 4, 305042),
(152, '2025-06-20', 2, 368554),
(153, '2025-06-20', 3, 218360),
(154, '2025-06-21', 4, 277269),
(155, '2025-06-21', 2, 220353),
(156, '2025-06-21', 3, 390687),
(157, '2025-06-22', 4, 378515),
(158, '2025-06-22', 2, 312982),
(159, '2025-06-22', 3, 359227),
(160, '2025-06-23', 4, 347821),
(161, '2025-06-23', 2, 356745),
(162, '2025-06-23', 3, 370994),
(163, '2025-06-24', 4, 329186),
(164, '2025-06-24', 2, 326388),
(165, '2025-06-24', 3, 230168),
(166, '2025-06-25', 4, 374328),
(167, '2025-06-25', 2, 247438),
(168, '2025-06-25', 3, 353025),
(169, '2025-06-26', 4, 220632),
(170, '2025-06-26', 2, 225445),
(171, '2025-06-26', 3, 283199),
(172, '2025-06-27', 4, 244502),
(173, '2025-06-27', 2, 304373),
(174, '2025-06-27', 3, 250021),
(175, '2025-06-28', 4, 307439),
(176, '2025-06-28', 2, 331659),
(177, '2025-06-28', 3, 328719),
(178, '2025-06-29', 4, 347925),
(179, '2025-06-29', 2, 332323),
(180, '2025-06-29', 3, 335704),
(181, '2025-06-30', 4, 274963),
(182, '2025-06-30', 2, 215563),
(183, '2025-06-30', 3, 290055),
(184, '2025-05-25', 1, 9989),
(185, '2025-05-04', 1, 10686),
(186, '2025-06-12', 1, 11737),
(187, '2025-06-11', 1, 8253);
